{
  "locale": "en",
  "slug": "policies/refund",
  "pathname": "/policies/refund",
  "sourcePath": "policies/refund/index.html",
  "title": "Refund policy | Immigrate to Brazil",
  "description": "Immigrate to Brazil",
  "heading": "Refund policy",
  "heroImageAlt": "Refund policy",
  "sections": [
    {
      "title": "Introduction",
      "paragraphs": [
        "Immigrate to Brazil",
        "Refund policy for Immigrate to Brazil."
      ]
    },
    {
      "title": "Table of contents",
      "paragraphs": [
        "Refund summary",
        "Eligibility",
        "Request process",
        "Processing times",
        "Exceptions",
        "FAQ",
        "Core resources",
        "State-by-state guides",
        "Regional hubs",
        "Brazilian food guides",
        "Brazilian festival guides",
        "City relocation guides",
        "Visa types",
        "Apply steps",
        "Cost of living tiers",
        "Practical guides",
        "Frequently asked questions"
      ]
    },
    {
      "title": "Refund summary",
      "paragraphs": [
        "This guide explains refund summary for Refund policy. We highlight eligibility, document requirements, timelines, and practical next steps so you can move forward confidently.",
        "Confirm your objectives and preferred timelines.",
        "Gather supporting documentation and references.",
        "Review regional requirements and eligibility criteria.",
        "Note deadlines, fees, and local processing times.",
        "Create a short action plan with immediate next steps."
      ]
    },
    {
      "title": "Eligibility",
      "paragraphs": [
        "This guide explains eligibility for Refund policy. We highlight eligibility, document requirements, timelines, and practical next steps so you can move forward confidently.",
        "Confirm your objectives and preferred timelines.",
        "Gather supporting documentation and references.",
        "Review regional requirements and eligibility criteria.",
        "Note deadlines, fees, and local processing times.",
        "Create a short action plan with immediate next steps."
      ]
    },
    {
      "title": "Request process",
      "paragraphs": [
        "This guide explains request process for Refund policy. We highlight eligibility, document requirements, timelines, and practical next steps so you can move forward confidently.",
        "Confirm your objectives and preferred timelines.",
        "Gather supporting documentation and references.",
        "Review regional requirements and eligibility criteria.",
        "Note deadlines, fees, and local processing times.",
        "Create a short action plan with immediate next steps."
      ]
    },
    {
      "title": "Processing times",
      "paragraphs": [
        "This guide explains processing times for Refund policy. We highlight eligibility, document requirements, timelines, and practical next steps so you can move forward confidently.",
        "Confirm your objectives and preferred timelines.",
        "Gather supporting documentation and references.",
        "Review regional requirements and eligibility criteria.",
        "Note deadlines, fees, and local processing times.",
        "Create a short action plan with immediate next steps."
      ]
    },
    {
      "title": "Exceptions",
      "paragraphs": [
        "This guide explains exceptions for Refund policy. We highlight eligibility, document requirements, timelines, and practical next steps so you can move forward confidently.",
        "Confirm your objectives and preferred timelines.",
        "Gather supporting documentation and references.",
        "Review regional requirements and eligibility criteria.",
        "Note deadlines, fees, and local processing times.",
        "Create a short action plan with immediate next steps."
      ]
    },
    {
      "title": "Visa types covered on this site",
      "paragraphs": [
        "This guide explains visa types covered on this site for Refund policy. We highlight eligibility, document requirements, timelines, and practical next steps so you can move forward confidently.",
        "Read the full visa requirements guide",
        "Work visa (employment sponsorship)",
        "Permanent residency pathway",
        "Investor visa",
        "Family reunification",
        "Student visa",
        "Retired/Rentista visa",
        "Digital nomad / remote work"
      ]
    },
    {
      "title": "Apply to Brazil: step-by-step overview",
      "paragraphs": [
        "These are the core steps described on the application guide.",
        "Go to the full application checklist",
        "Choose your visa type and confirm eligibility.",
        "Collect required documents and certified copies.",
        "Translate and apostille documents where required.",
        "Find your Brazilian consulate and schedule an appointment.",
        "Submit your application and pay fees.",
        "Track approval timelines and respond to requests.",
        "Travel to Brazil within your visa window.",
        "Register with Federal Police and obtain your residency card."
      ]
    },
    {
      "title": "Cost of living tiers",
      "paragraphs": [
        "Use these tiers to plan a realistic monthly budget by city.",
        "View the full cost of living guide",
        "Budget: $800–1,200/month in smaller cities.",
        "Comfortable: $1,500–2,500/month in most metros.",
        "Premium: $3,000+/month in top-tier neighborhoods."
      ]
    },
    {
      "title": "Practical relocation guides",
      "paragraphs": [
        "This guide explains practical relocation guides for Refund policy. We highlight eligibility, document requirements, timelines, and practical next steps so you can move forward confidently.",
        "Browse resources and checklists",
        "CPF registration",
        "Opening a bank account",
        "Finding accommodation",
        "Healthcare and insurance",
        "Transportation and mobility",
        "School enrollment"
      ]
    },
    {
      "title": "Core resources",
      "paragraphs": [
        "State guides",
        "Visa types & requirements",
        "Cost of living",
        "Discover regions",
        "Resources & guides",
        "Apply step-by-step",
        "About the team",
        "Contact",
        "Privacy",
        "Terms"
      ]
    },
    {
      "title": "State-by-state guides",
      "paragraphs": [
        "Acre (AC)",
        "Alagoas (AL)",
        "Amazonas (AM)",
        "Amapá (AP)",
        "Bahia (BA)",
        "Ceará (CE)",
        "Distrito Federal (DF)",
        "Espírito Santo (ES)",
        "Goiás (GO)",
        "Maranhão (MA)",
        "Minas Gerais (MG)",
        "Mato Grosso do Sul (MS)",
        "Mato Grosso (MT)",
        "Pará (PA)",
        "Paraíba (PB)",
        "Pernambuco (PE)",
        "Piauí (PI)",
        "Paraná (PR)",
        "Rio de Janeiro (RJ)",
        "Rio Grande do Norte (RN)",
        "Rondônia (RO)",
        "Roraima (RR)",
        "Rio Grande do Sul (RS)",
        "Santa Catarina (SC)",
        "Sergipe (SE)",
        "São Paulo (SP)",
        "Tocantins (TO)"
      ]
    },
    {
      "title": "Regional hubs",
      "paragraphs": [
        "North Region",
        "Northeast Region",
        "Central West Region",
        "South Region",
        "Southeast Region"
      ]
    },
    {
      "title": "Brazilian food guides",
      "paragraphs": [
        "Acre",
        "Alagoas",
        "Amapa",
        "Amazonas",
        "Bahia",
        "Ceara",
        "Distrito Federal",
        "Espirito Santo",
        "Goias",
        "Maranhao",
        "Mato Grosso",
        "Mato Grosso Do Sul",
        "Minas Gerais",
        "Para",
        "Paraiba",
        "Parana",
        "Pernambuco",
        "Piaui",
        "Rio De Janeiro",
        "Rio Grande Do Norte",
        "Rio Grande Do Sul",
        "Rondonia",
        "Roraima",
        "Santa Catarina",
        "Sao Paulo",
        "Sergipe",
        "Tocantins"
      ]
    },
    {
      "title": "Brazilian festival guides",
      "paragraphs": [
        "Acre",
        "Alagoas",
        "Amapa",
        "Amazonas",
        "Bahia",
        "Ceara",
        "Distrito Federal",
        "Espirito Santo",
        "Goias",
        "Maranhao",
        "Mato Grosso",
        "Mato Grosso Do Sul",
        "Minas Gerais",
        "Para",
        "Paraiba",
        "Parana",
        "Pernambuco",
        "Piaui",
        "Rio De Janeiro",
        "Rio Grande Do Norte",
        "Rio Grande Do Sul",
        "Rondonia",
        "Roraima",
        "Santa Catarina",
        "Sao Paulo",
        "Sergipe",
        "Tocantins"
      ]
    },
    {
      "title": "City relocation guides",
      "paragraphs": [
        "Move To Acrelandia Acre Brazil",
        "Move To Assis Brasil Acre Brazil",
        "Move To Brasileia Acre Brazil",
        "Move To Bujari Acre Brazil",
        "Move To Capixaba Acre Brazil",
        "Move To Cruzeiro Do Sul Acre Brazil",
        "Move To Epitaciolandia Acre Brazil",
        "Move To Feijo Acre Brazil",
        "Move To Jordao Acre Brazil",
        "Move To Mancio Lima Acre Brazil",
        "Move To Manoel Urbano Acre Brazil",
        "Move To Marechal Thaumaturgo Acre Brazil",
        "Move To Placido De Castro Acre Brazil",
        "Move To Porto Acre Acre Brazil",
        "Move To Porto Walter Acre Brazil",
        "Move To Rio Branco Acre Brazil",
        "Move To Rodrigues Alves Acre Brazil",
        "Move To Santa Rosa Do Purus Acre Brazil",
        "Move To Sena Madureira Acre Brazil",
        "Move To Senador Guiomard Acre Brazil",
        "Move To Tarauaca Acre Brazil",
        "Move To Xapuri Acre Brazil",
        "Move To Amapari Amapa Brazil",
        "Move To Calcoene Amapa Brazil",
        "Move To Cutias Amapa Brazil",
        "Move To Ferreira Gomes Amapa Brazil",
        "Move To Itaubal Amapa Brazil",
        "Move To Laranjal Do Jari Amapa Brazil",
        "Move To Macapa Amapa Brazil",
        "Move To Mazagao Amapa Brazil",
        "Move To Oiapoque Amapa Brazil",
        "Move To Pedra Branca Do Amapari Amapa Brazil",
        "Move To Porto Grande Amapa Brazil",
        "Move To Pracuuba Amapa Brazil",
        "Move To Santana Amapa Brazil",
        "Move To Serra Do Navio Amapa Brazil",
        "Move To Tartarugalzinho Amapa Brazil",
        "Move To Vitoria Do Jari Amapa Brazil",
        "Move To Alvaraes Amazonas Brazil",
        "Move To Amatura Amazonas Brazil",
        "Move To Anama Amazonas Brazil",
        "Move To Anori Amazonas Brazil",
        "Move To Apui Amazonas Brazil",
        "Move To Atalaia Do Norte Amazonas Brazil",
        "Move To Autazes Amazonas Brazil",
        "Move To Barcelos Amazonas Brazil",
        "Move To Barreirinha Amazonas Brazil",
        "Move To Benjamin Constant Amazonas Brazil",
        "Move To Beruri Amazonas Brazil",
        "Move To Boa Vista Do Ramos Amazonas Brazil",
        "Move To Borba Amazonas Brazil",
        "Move To Caapiranga Amazonas Brazil",
        "Move To Canutama Amazonas Brazil",
        "Move To Carauari Amazonas Brazil",
        "Move To Careiro Amazonas Brazil",
        "Move To Careiro Da Varzea Amazonas Brazil",
        "Move To Coari Amazonas Brazil",
        "Move To Codajas Amazonas Brazil",
        "Move To Eirunepe Amazonas Brazil",
        "Move To Envira Amazonas Brazil",
        "Move To Fonte Boa Amazonas Brazil",
        "Move To Guajara Amazonas Brazil",
        "Move To Humaita Amazonas Brazil",
        "Move To Ipixuna Amazonas Brazil",
        "Move To Iranduba Amazonas Brazil",
        "Move To Itacoatiara Amazonas Brazil",
        "Move To Itamarati Amazonas Brazil",
        "Move To Itapiranga Amazonas Brazil",
        "Move To Japura Amazonas Brazil",
        "Move To Jurua Amazonas Brazil",
        "Move To Jutai Amazonas Brazil",
        "Move To Labrea Amazonas Brazil",
        "Move To Manacapuru Amazonas Brazil",
        "Move To Manaquiri Amazonas Brazil",
        "Move To Manaus Amazonas Brazil",
        "Move To Manicore Amazonas Brazil",
        "Move To Maraa Amazonas Brazil",
        "Move To Maues Amazonas Brazil",
        "Move To Nhamunda Amazonas Brazil",
        "Move To Nova Olinda Do Norte Amazonas Brazil",
        "Move To Novo Airao Amazonas Brazil",
        "Move To Novo Aripuana Amazonas Brazil",
        "Move To Parintins Amazonas Brazil",
        "Move To Pauini Amazonas Brazil",
        "Move To Presidente Figueiredo Amazonas Brazil",
        "Move To Rio Preto Da Eva Amazonas Brazil",
        "Move To Santa Isabel Do Rio Negro Amazonas Brazil",
        "Move To Santo Antonio Do Ica Amazonas Brazil",
        "Move To Sao Gabriel Da Cachoeira Amazonas Brazil",
        "Move To Sao Paulo De Olivenca Amazonas Brazil",
        "Move To Sao Sebastiao Do Uatuma Amazonas Brazil",
        "Move To Silves Amazonas Brazil",
        "Move To Tabatinga Amazonas Brazil",
        "Move To Tapaua Amazonas Brazil",
        "Move To Tefe Amazonas Brazil",
        "Move To Tonantins Amazonas Brazil",
        "Move To Uarini Amazonas Brazil",
        "Move To Urucara Amazonas Brazil",
        "Move To Urucurituba Amazonas Brazil",
        "Move To Abaetetuba Para Brazil",
        "Move To Abel Figueiredo Para Brazil",
        "Move To Acara Para Brazil",
        "Move To Afua Para Brazil",
        "Move To Agua Azul Do Norte Para Brazil",
        "Move To Alenquer Para Brazil",
        "Move To Almeirim Para Brazil",
        "Move To Altamira Para Brazil",
        "Move To Anajas Para Brazil",
        "Move To Ananindeua Para Brazil",
        "Move To Anapu Para Brazil",
        "Move To Augusto Correa Para Brazil",
        "Move To Aurora Do Para Para Brazil",
        "Move To Aveiro Para Brazil",
        "Move To Bagre Para Brazil",
        "Move To Baiao Para Brazil",
        "Move To Bannach Para Brazil",
        "Move To Barcarena Para Brazil",
        "Move To Belem Para Brazil",
        "Move To Belterra Para Brazil",
        "Move To Benevides Para Brazil",
        "Move To Bom Jesus Do Tocantins Para Brazil",
        "Move To Bonito Para Brazil",
        "Move To Braganca Para Brazil",
        "Move To Brasil Novo Para Brazil",
        "Move To Brejo Grande Do Araguaia Para Brazil",
        "Move To Breu Branco Para Brazil",
        "Move To Breves Para Brazil",
        "Move To Bujaru Para Brazil",
        "Move To Cachoeira Do Arari Para Brazil",
        "Move To Cachoeira Do Piria Para Brazil",
        "Move To Cameta Para Brazil",
        "Move To Canaa Dos Carajas Para Brazil",
        "Move To Capanema Para Brazil",
        "Move To Capitao Poco Para Brazil",
        "Move To Castanhal Para Brazil",
        "Move To Chaves Para Brazil",
        "Move To Colares Para Brazil",
        "Move To Conceicao Do Araguaia Para Brazil",
        "Move To Concordia Do Para Para Brazil",
        "Move To Cumaru Do Norte Para Brazil",
        "Move To Curionopolis Para Brazil",
        "Move To Curralinho Para Brazil",
        "Move To Curua Para Brazil",
        "Move To Curuca Para Brazil",
        "Move To Dom Eliseu Para Brazil",
        "Move To Eldorado Dos Carajas Para Brazil",
        "Move To Faro Para Brazil",
        "Move To Floresta Do Araguaia Para Brazil",
        "Move To Garrafao Do Norte Para Brazil",
        "Move To Goianesia Do Para Para Brazil",
        "Move To Gurupa Para Brazil",
        "Move To Igarape Acu Para Brazil",
        "Move To Igarape Miri Para Brazil",
        "Move To Inhangapi Para Brazil",
        "Move To Ipixuna Do Para Para Brazil",
        "Move To Irituia Para Brazil",
        "Move To Itaituba Para Brazil",
        "Move To Itupiranga Para Brazil",
        "Move To Jacareacanga Para Brazil",
        "Move To Jacunda Para Brazil",
        "Move To Juruti Para Brazil",
        "Move To Limoeiro Do Ajuru Para Brazil",
        "Move To Mae Do Rio Para Brazil",
        "Move To Magalhaes Barata Para Brazil",
        "Move To Maraba Para Brazil",
        "Move To Maracana Para Brazil",
        "Move To Marapanim Para Brazil",
        "Move To Marituba Para Brazil",
        "Move To Medicilandia Para Brazil",
        "Move To Melgaco Para Brazil",
        "Move To Mocajuba Para Brazil",
        "Move To Moju Para Brazil",
        "Move To Mojui Dos Campos Para Brazil",
        "Move To Monte Alegre Para Brazil",
        "Move To Muana Para Brazil",
        "Move To Nova Esperanca Do Piria Para Brazil",
        "Move To Nova Ipixuna Para Brazil",
        "Move To Nova Timboteua Para Brazil",
        "Move To Novo Progresso Para Brazil",
        "Move To Novo Repartimento Para Brazil",
        "Move To Obidos Para Brazil",
        "Move To Oeiras Do Para Para Brazil",
        "Move To Oriximina Para Brazil",
        "Move To Ourem Para Brazil",
        "Move To Ourilandia Do Norte Para Brazil",
        "Move To Pacaja Para Brazil",
        "Move To Palestina Do Para Para Brazil",
        "Move To Paragominas Para Brazil",
        "Move To Parauapebas Para Brazil",
        "Move To Pau D Arco Para Brazil",
        "Move To Peixe Boi Para Brazil",
        "Move To Picarra Para Brazil",
        "Move To Placas Para Brazil",
        "Move To Ponta De Pedras Para Brazil",
        "Move To Portel Para Brazil",
        "Move To Porto De Moz Para Brazil",
        "Move To Prainha Para Brazil",
        "Move To Primavera Para Brazil",
        "Move To Quatipuru Para Brazil",
        "Move To Redencao Para Brazil",
        "Move To Rio Maria Para Brazil",
        "Move To Rondon Do Para Para Brazil",
        "Move To Ruropolis Para Brazil",
        "Move To Salinopolis Para Brazil",
        "Move To Salvaterra Para Brazil",
        "Move To Santa Barbara Do Para Para Brazil",
        "Move To Santa Cruz Do Arari Para Brazil",
        "Move To Santa Isabel Do Para Para Brazil",
        "Move To Santa Luzia Do Para Para Brazil",
        "Move To Santa Maria Das Barreiras Para Brazil",
        "Move To Santa Maria Do Para Para Brazil",
        "Move To Santana Do Araguaia Para Brazil",
        "Move To Santarem Novo Para Brazil",
        "Move To Santarem Para Brazil",
        "Move To Santo Antonio Do Taua Para Brazil",
        "Move To Sao Caetano De Odivelas Para Brazil",
        "Move To Sao Domingos Do Araguaia Para Brazil",
        "Move To Sao Domingos Do Capim Para Brazil",
        "Move To Sao Felix Do Xingu Para Brazil",
        "Move To Sao Francisco Do Para Para Brazil",
        "Move To Sao Geraldo Do Araguaia Para Brazil",
        "Move To Sao Joao Da Ponta Para Brazil",
        "Move To Sao Joao De Pirabas Para Brazil",
        "Move To Sao Joao Do Araguaia Para Brazil",
        "Move To Sao Miguel Do Guama Para Brazil",
        "Move To Sao Sebastiao Da Boa Vista Para Brazil",
        "Move To Sapucaia Para Brazil",
        "Move To Senador Jose Porfirio Para Brazil",
        "Move To Soure Para Brazil",
        "Move To Tailandia Para Brazil",
        "Move To Terra Alta Para Brazil",
        "Move To Terra Santa Para Brazil",
        "Move To Tome Acu Para Brazil",
        "Move To Tracuateua Para Brazil",
        "Move To Trairao Para Brazil",
        "Move To Tucuma Para Brazil",
        "Move To Tucurui Para Brazil",
        "Move To Ulianopolis Para Brazil",
        "Move To Uruara Para Brazil",
        "Move To Vigia Para Brazil",
        "Move To Viseu Para Brazil",
        "Move To Vitoria Do Xingu Para Brazil",
        "Move To Xinguara Para Brazil",
        "Move To Alta Floresta D Oeste Rondonia Brazil",
        "Move To Alto Alegre Dos Parecis Rondonia Brazil",
        "Move To Alto Paraiso Rondonia Brazil",
        "Move To Alvorada D Oeste Rondonia Brazil",
        "Move To Ariquemes Rondonia Brazil",
        "Move To Buritis Rondonia Brazil",
        "Move To Cabixi Rondonia Brazil",
        "Move To Cacaulandia Rondonia Brazil",
        "Move To Cacoal Rondonia Brazil",
        "Move To Campo Novo De Rondonia Rondonia Brazil",
        "Move To Candeias Do Jamari Rondonia Brazil",
        "Move To Castanheiras Rondonia Brazil",
        "Move To Cerejeiras Rondonia Brazil",
        "Move To Chupinguaia Rondonia Brazil",
        "Move To Colorado Do Oeste Rondonia Brazil",
        "Move To Corumbiara Rondonia Brazil",
        "Move To Costa Marques Rondonia Brazil",
        "Move To Cujubim Rondonia Brazil",
        "Move To Espigao D Oeste Rondonia Brazil",
        "Move To Governador Jorge Teixeira Rondonia Brazil",
        "Move To Guajara Mirim Rondonia Brazil",
        "Move To Itapua Do Oeste Rondonia Brazil",
        "Move To Jaru Rondonia Brazil",
        "Move To Ji Parana Rondonia Brazil",
        "Move To Machadinho D Oeste Rondonia Brazil",
        "Move To Ministro Andreazza Rondonia Brazil",
        "Move To Mirante Da Serra Rondonia Brazil",
        "Move To Monte Negro Rondonia Brazil",
        "Move To Nova Brasilandia D Oeste Rondonia Brazil",
        "Move To Nova Mamore Rondonia Brazil",
        "Move To Nova Uniao Rondonia Brazil",
        "Move To Novo Horizonte Do Oeste Rondonia Brazil",
        "Move To Ouro Preto Do Oeste Rondonia Brazil",
        "Move To Parecis Rondonia Brazil",
        "Move To Pimenta Bueno Rondonia Brazil",
        "Move To Pimenteiras Do Oeste Rondonia Brazil",
        "Move To Porto Velho Rondonia Brazil",
        "Move To Primavera De Rondonia Rondonia Brazil",
        "Move To Rio Crespo Rondonia Brazil",
        "Move To Rolim De Moura Rondonia Brazil",
        "Move To Santa Luzia D Oeste Rondonia Brazil",
        "Move To Sao Felipe D Oeste Rondonia Brazil",
        "Move To Sao Francisco Do Guapore Rondonia Brazil",
        "Move To Sao Miguel Do Guapore Rondonia Brazil",
        "Move To Seringueiras Rondonia Brazil",
        "Move To Teixeiropolis Rondonia Brazil",
        "Move To Theobroma Rondonia Brazil",
        "Move To Urupa Rondonia Brazil",
        "Move To Vale Do Anari Rondonia Brazil",
        "Move To Vale Do Paraiso Rondonia Brazil",
        "Move To Vilhena Rondonia Brazil",
        "Move To Alto Alegre Roraima Brazil",
        "Move To Amajari Roraima Brazil",
        "Move To Boa Vista Roraima Brazil",
        "Move To Bonfim Roraima Brazil",
        "Move To Canta Roraima Brazil",
        "Move To Caracarai Roraima Brazil",
        "Move To Caroebe Roraima Brazil",
        "Move To Iracema Roraima Brazil",
        "Move To Mucajai Roraima Brazil",
        "Move To Normandia Roraima Brazil",
        "Move To Pacaraima Roraima Brazil",
        "Move To Rorainopolis Roraima Brazil",
        "Move To Sao Joao Da Baliza Roraima Brazil",
        "Move To Sao Luiz Roraima Brazil",
        "Move To Uiramuta Roraima Brazil",
        "Move To Abreulandia Tocantins Brazil",
        "Move To Aguiarnopolis Tocantins Brazil",
        "Move To Alianca Do Tocantins Tocantins Brazil",
        "Move To Almas Tocantins Brazil",
        "Move To Alvorada Tocantins Brazil",
        "Move To Ananas Tocantins Brazil",
        "Move To Angico Tocantins Brazil",
        "Move To Aparecida Do Rio Negro Tocantins Brazil",
        "Move To Aragominas Tocantins Brazil",
        "Move To Araguacema Tocantins Brazil",
        "Move To Araguacu Tocantins Brazil",
        "Move To Araguaina Tocantins Brazil",
        "Move To Araguana Tocantins Brazil",
        "Move To Araguatins Tocantins Brazil",
        "Move To Arapoema Tocantins Brazil",
        "Move To Arraias Tocantins Brazil",
        "Move To Augustinopolis Tocantins Brazil",
        "Move To Aurora Do Tocantins Tocantins Brazil",
        "Move To Axixa Do Tocantins Tocantins Brazil",
        "Move To Babaculandia Tocantins Brazil",
        "Move To Bandeirantes Do Tocantins Tocantins Brazil",
        "Move To Barra Do Ouro Tocantins Brazil",
        "Move To Barrolandia Tocantins Brazil",
        "Move To Bernardo Sayao Tocantins Brazil",
        "Move To Bom Jesus Do Tocantins Tocantins Brazil",
        "Move To Brasilandia Do Tocantins Tocantins Brazil",
        "Move To Brejinho De Nazare Tocantins Brazil",
        "Move To Buriti Do Tocantins Tocantins Brazil",
        "Move To Cachoeirinha Tocantins Brazil",
        "Move To Campos Lindos Tocantins Brazil",
        "Move To Cariri Do Tocantins Tocantins Brazil",
        "Move To Carmolandia Tocantins Brazil",
        "Move To Carrasco Bonito Tocantins Brazil",
        "Move To Caseara Tocantins Brazil",
        "Move To Centenario Tocantins Brazil",
        "Move To Chapada Da Natividade Tocantins Brazil",
        "Move To Chapada De Areia Tocantins Brazil",
        "Move To Colinas Do Tocantins Tocantins Brazil",
        "Move To Colmeia Tocantins Brazil",
        "Move To Combinado Tocantins Brazil",
        "Move To Conceicao Do Tocantins Tocantins Brazil",
        "Move To Couto De Magalhaes Tocantins Brazil",
        "Move To Cristalandia Tocantins Brazil",
        "Move To Crixas Do Tocantins Tocantins Brazil",
        "Move To Darcinopolis Tocantins Brazil",
        "Move To Dianopolis Tocantins Brazil",
        "Move To Divinopolis Do Tocantins Tocantins Brazil",
        "Move To Dois Irmaos Do Tocantins Tocantins Brazil",
        "Move To Duere Tocantins Brazil",
        "Move To Esperantina Tocantins Brazil",
        "Move To Fatima Tocantins Brazil",
        "Move To Figueiropolis Tocantins Brazil",
        "Move To Filadelfia Tocantins Brazil",
        "Move To Formoso Do Araguaia Tocantins Brazil",
        "Move To Goianorte Tocantins Brazil",
        "Move To Goiatins Tocantins Brazil",
        "Move To Guarai Tocantins Brazil",
        "Move To Gurupi Tocantins Brazil",
        "Move To Ipueiras Tocantins Brazil",
        "Move To Itacaja Tocantins Brazil",
        "Move To Itaguatins Tocantins Brazil",
        "Move To Itapiratins Tocantins Brazil",
        "Move To Itapora Do Tocantins Tocantins Brazil",
        "Move To Jau Do Tocantins Tocantins Brazil",
        "Move To Juarina Tocantins Brazil",
        "Move To Lagoa Da Confusao Tocantins Brazil",
        "Move To Lagoa Do Tocantins Tocantins Brazil",
        "Move To Lajeado Tocantins Brazil",
        "Move To Lavandeira Tocantins Brazil",
        "Move To Lizarda Tocantins Brazil",
        "Move To Luzinopolis Tocantins Brazil",
        "Move To Marianopolis Do Tocantins Tocantins Brazil",
        "Move To Mateiros Tocantins Brazil",
        "Move To Maurilandia Do Tocantins Tocantins Brazil",
        "Move To Miracema Do Tocantins Tocantins Brazil",
        "Move To Miranorte Tocantins Brazil",
        "Move To Monte Do Carmo Tocantins Brazil",
        "Move To Monte Santo Do Tocantins Tocantins Brazil",
        "Move To Muricilandia Tocantins Brazil",
        "Move To Natividade Tocantins Brazil",
        "Move To Nazare Tocantins Brazil",
        "Move To Nova Olinda Tocantins Brazil",
        "Move To Nova Rosalandia Tocantins Brazil",
        "Move To Novo Acordo Tocantins Brazil",
        "Move To Novo Alegre Tocantins Brazil",
        "Move To Novo Jardim Tocantins Brazil",
        "Move To Oliveira De Fatima Tocantins Brazil",
        "Move To Palmas Tocantins Brazil",
        "Move To Palmeirante Tocantins Brazil",
        "Move To Palmeiras Do Tocantins Tocantins Brazil",
        "Move To Palmeiropolis Tocantins Brazil",
        "Move To Paraiso Do Tocantins Tocantins Brazil",
        "Move To Parana Tocantins Brazil",
        "Move To Pau D Arco Tocantins Brazil",
        "Move To Pedro Afonso Tocantins Brazil",
        "Move To Peixe Tocantins Brazil",
        "Move To Pequizeiro Tocantins Brazil",
        "Move To Pindorama Do Tocantins Tocantins Brazil",
        "Move To Piraque Tocantins Brazil",
        "Move To Pium Tocantins Brazil",
        "Move To Ponte Alta Do Bom Jesus Tocantins Brazil",
        "Move To Ponte Alta Do Tocantins Tocantins Brazil",
        "Move To Porto Alegre Do Tocantins Tocantins Brazil",
        "Move To Porto Nacional Tocantins Brazil",
        "Move To Praia Norte Tocantins Brazil",
        "Move To Presidente Kennedy Tocantins Brazil",
        "Move To Pugmil Tocantins Brazil",
        "Move To Recursolandia Tocantins Brazil",
        "Move To Riachinho Tocantins Brazil",
        "Move To Rio Da Conceicao Tocantins Brazil",
        "Move To Rio Dos Bois Tocantins Brazil",
        "Move To Rio Sono Tocantins Brazil",
        "Move To Sampaio Tocantins Brazil",
        "Move To Sandolandia Tocantins Brazil",
        "Move To Santa Fe Do Araguaia Tocantins Brazil",
        "Move To Santa Maria Do Tocantins Tocantins Brazil",
        "Move To Santa Rita Do Tocantins Tocantins Brazil",
        "Move To Santa Rosa Do Tocantins Tocantins Brazil",
        "Move To Santa Tereza Do Tocantins Tocantins Brazil",
        "Move To Santa Terezinha Do Tocantins Tocantins Brazil",
        "Move To Sao Bento Do Tocantins Tocantins Brazil",
        "Move To Sao Felix Do Tocantins Tocantins Brazil",
        "Move To Sao Miguel Do Tocantins Tocantins Brazil",
        "Move To Sao Salvador Do Tocantins Tocantins Brazil",
        "Move To Sao Sebastiao Do Tocantins Tocantins Brazil",
        "Move To Sao Valerio Da Natividade Tocantins Brazil",
        "Move To Silvanopolis Tocantins Brazil",
        "Move To Sitio Novo Do Tocantins Tocantins Brazil",
        "Move To Sucupira Tocantins Brazil",
        "Move To Tabocao Tocantins Brazil",
        "Move To Taguatinga Tocantins Brazil",
        "Move To Taipas Do Tocantins Tocantins Brazil",
        "Move To Talisma Tocantins Brazil",
        "Move To Tocantinia Tocantins Brazil",
        "Move To Tocantinopolis Tocantins Brazil",
        "Move To Tupirama Tocantins Brazil",
        "Move To Tupiratins Tocantins Brazil",
        "Move To Wanderlandia Tocantins Brazil",
        "Move To Xambioa Tocantins Brazil",
        "Move To Agua Branca Alagoas Brazil",
        "Move To Anadia Alagoas Brazil",
        "Move To Arapiraca Alagoas Brazil",
        "Move To Atalaia Alagoas Brazil",
        "Move To Barra De Santo Antonio Alagoas Brazil",
        "Move To Barra De Sao Miguel Alagoas Brazil",
        "Move To Batalha Alagoas Brazil",
        "Move To Belem Alagoas Brazil",
        "Move To Belo Monte Alagoas Brazil",
        "Move To Boca Da Mata Alagoas Brazil",
        "Move To Branquinha Alagoas Brazil",
        "Move To Cacimbinhas Alagoas Brazil",
        "Move To Cajueiro Alagoas Brazil",
        "Move To Campestre Alagoas Brazil",
        "Move To Campo Alegre Alagoas Brazil",
        "Move To Campo Grande Alagoas Brazil",
        "Move To Canapi Alagoas Brazil",
        "Move To Capela Alagoas Brazil",
        "Move To Carneiros Alagoas Brazil",
        "Move To Cha Preta Alagoas Brazil",
        "Move To Coite Do Noia Alagoas Brazil",
        "Move To Colonia Leopoldina Alagoas Brazil",
        "Move To Coqueiro Seco Alagoas Brazil",
        "Move To Coruripe Alagoas Brazil",
        "Move To Craibas Alagoas Brazil",
        "Move To Delmiro Gouveia Alagoas Brazil",
        "Move To Dois Riachos Alagoas Brazil",
        "Move To Estrela De Alagoas Alagoas Brazil",
        "Move To Feira Grande Alagoas Brazil",
        "Move To Feliz Deserto Alagoas Brazil",
        "Move To Flexeiras Alagoas Brazil",
        "Move To Girau Do Ponciano Alagoas Brazil",
        "Move To Ibateguara Alagoas Brazil",
        "Move To Igaci Alagoas Brazil",
        "Move To Igreja Nova Alagoas Brazil",
        "Move To Inhapi Alagoas Brazil",
        "Move To Jacare Dos Homens Alagoas Brazil",
        "Move To Jacuipe Alagoas Brazil",
        "Move To Japaratinga Alagoas Brazil",
        "Move To Jaramataia Alagoas Brazil",
        "Move To Jequia Da Praia Alagoas Brazil",
        "Move To Joaquim Gomes Alagoas Brazil",
        "Move To Jundia Alagoas Brazil",
        "Move To Junqueiro Alagoas Brazil",
        "Move To Lagoa Da Canoa Alagoas Brazil",
        "Move To Limoeiro De Anadia Alagoas Brazil",
        "Move To Maceio Alagoas Brazil",
        "Move To Major Isidoro Alagoas Brazil",
        "Move To Mar Vermelho Alagoas Brazil",
        "Move To Maragogi Alagoas Brazil",
        "Move To Maravilha Alagoas Brazil",
        "Move To Marechal Deodoro Alagoas Brazil"
      ]
    },
    {
      "title": "Frequently asked questions",
      "paragraphs": [
        "Answer with Brazil-specific guidance, link to relevant pages, and highlight the next action.",
        "Refund policy question 1",
        "Refund policy question 2",
        "Refund policy question 3",
        "Refund policy question 4",
        "Refund policy question 5",
        "Refund policy question 6",
        "Refund policy question 7",
        "Refund policy question 8",
        "Refund policy question 9",
        "Refund policy question 10",
        "Refund policy question 11",
        "Refund policy question 12",
        "Refund policy question 13",
        "Refund policy question 14",
        "Refund policy question 15",
        "Refund policy question 16",
        "Refund policy question 17",
        "Refund policy question 18",
        "Refund policy question 19",
        "Refund policy question 20",
        "Refund policy question 21",
        "Refund policy question 22",
        "Refund policy question 23",
        "Refund policy question 24",
        "Refund policy question 25",
        "Refund policy question 26",
        "Refund policy question 27",
        "Refund policy question 28",
        "Refund policy question 29",
        "Refund policy question 30",
        "Refund policy question 31",
        "Refund policy question 32",
        "Refund policy question 33",
        "Refund policy question 34",
        "Refund policy question 35",
        "Refund policy question 36",
        "Refund policy question 37",
        "Refund policy question 38",
        "Refund policy question 39",
        "Refund policy question 40",
        "Refund policy question 41",
        "Refund policy question 42",
        "Refund policy question 43",
        "Refund policy question 44",
        "Refund policy question 45",
        "Refund policy question 46",
        "Refund policy question 47",
        "Refund policy question 48",
        "Refund policy question 49",
        "Refund policy question 50",
        "Refund policy question 51",
        "Refund policy question 52",
        "Refund policy question 53",
        "Refund policy question 54",
        "Refund policy question 55",
        "Refund policy question 56",
        "Refund policy question 57",
        "Refund policy question 58",
        "Refund policy question 59",
        "Refund policy question 60",
        "Refund policy question 61",
        "Refund policy question 62",
        "Refund policy question 63",
        "Refund policy question 64",
        "Refund policy question 65",
        "Refund policy question 66",
        "Refund policy question 67",
        "Refund policy question 68",
        "Refund policy question 69",
        "Refund policy question 70",
        "Refund policy question 71",
        "Refund policy question 72",
        "Refund policy question 73",
        "Refund policy question 74",
        "Refund policy question 75",
        "Refund policy question 76",
        "Refund policy question 77",
        "Refund policy question 78",
        "Refund policy question 79",
        "Refund policy question 80",
        "Refund policy question 81",
        "Refund policy question 82",
        "Refund policy question 83",
        "Refund policy question 84",
        "Refund policy question 85",
        "Refund policy question 86",
        "Refund policy question 87",
        "Refund policy question 88",
        "Refund policy question 89",
        "Refund policy question 90",
        "Refund policy question 91",
        "Refund policy question 92",
        "Refund policy question 93",
        "Refund policy question 94",
        "Refund policy question 95",
        "Refund policy question 96",
        "Refund policy question 97",
        "Refund policy question 98",
        "Refund policy question 99",
        "Refund policy question 100",
        "Refund policy question 101",
        "Refund policy question 102",
        "Refund policy question 103",
        "Refund policy question 104",
        "Refund policy question 105",
        "Refund policy question 106",
        "Refund policy question 107",
        "Refund policy question 108",
        "Refund policy question 109",
        "Refund policy question 110",
        "Refund policy question 111",
        "Refund policy question 112",
        "Refund policy question 113",
        "Refund policy question 114",
        "Refund policy question 115",
        "Refund policy question 116",
        "Refund policy question 117",
        "Refund policy question 118",
        "Refund policy question 119",
        "Refund policy question 120",
        "Refund policy question 1 Answer with Brazil-specific guidance, link to relevant pages, and highlight the next action.",
        "Refund policy question 2 Answer with Brazil-specific guidance, link to relevant pages, and highlight the next action.",
        "Refund policy question 3 Answer with Brazil-specific guidance, link to relevant pages, and highlight the next action.",
        "Refund policy question 4 Answer with Brazil-specific guidance, link to relevant pages, and highlight the next action.",
        "Refund policy question 5 Answer with Brazil-specific guidance, link to relevant pages, and highlight the next action.",
        "Refund policy question 6 Answer with Brazil-specific guidance, link to relevant pages, and highlight the next action.",
        "Refund policy question 7 Answer with Brazil-specific guidance, link to relevant pages, and highlight the next action.",
        "Refund policy question 8 Answer with Brazil-specific guidance, link to relevant pages, and highlight the next action.",
        "Refund policy question 9 Answer with Brazil-specific guidance, link to relevant pages, and highlight the next action.",
        "Refund policy question 10 Answer with Brazil-specific guidance, link to relevant pages, and highlight the next action.",
        "Refund policy question 11 Answer with Brazil-specific guidance, link to relevant pages, and highlight the next action.",
        "Refund policy question 12 Answer with Brazil-specific guidance, link to relevant pages, and highlight the next action.",
        "Refund policy question 13 Answer with Brazil-specific guidance, link to relevant pages, and highlight the next action.",
        "Refund policy question 14 Answer with Brazil-specific guidance, link to relevant pages, and highlight the next action.",
        "Refund policy question 15 Answer with Brazil-specific guidance, link to relevant pages, and highlight the next action.",
        "Refund policy question 16 Answer with Brazil-specific guidance, link to relevant pages, and highlight the next action.",
        "Refund policy question 17 Answer with Brazil-specific guidance, link to relevant pages, and highlight the next action.",
        "Refund policy question 18 Answer with Brazil-specific guidance, link to relevant pages, and highlight the next action.",
        "Refund policy question 19 Answer with Brazil-specific guidance, link to relevant pages, and highlight the next action.",
        "Refund policy question 20 Answer with Brazil-specific guidance, link to relevant pages, and highlight the next action.",
        "Refund policy question 21 Answer with Brazil-specific guidance, link to relevant pages, and highlight the next action.",
        "Refund policy question 22 Answer with Brazil-specific guidance, link to relevant pages, and highlight the next action.",
        "Refund policy question 23 Answer with Brazil-specific guidance, link to relevant pages, and highlight the next action.",
        "Refund policy question 24 Answer with Brazil-specific guidance, link to relevant pages, and highlight the next action.",
        "Refund policy question 25 Answer with Brazil-specific guidance, link to relevant pages, and highlight the next action.",
        "Refund policy question 26 Answer with Brazil-specific guidance, link to relevant pages, and highlight the next action.",
        "Refund policy question 27 Answer with Brazil-specific guidance, link to relevant pages, and highlight the next action.",
        "Refund policy question 28 Answer with Brazil-specific guidance, link to relevant pages, and highlight the next action.",
        "Refund policy question 29 Answer with Brazil-specific guidance, link to relevant pages, and highlight the next action.",
        "Refund policy question 30 Answer with Brazil-specific guidance, link to relevant pages, and highlight the next action.",
        "Refund policy question 31 Answer with Brazil-specific guidance, link to relevant pages, and highlight the next action.",
        "Refund policy question 32 Answer with Brazil-specific guidance, link to relevant pages, and highlight the next action.",
        "Refund policy question 33 Answer with Brazil-specific guidance, link to relevant pages, and highlight the next action.",
        "Refund policy question 34 Answer with Brazil-specific guidance, link to relevant pages, and highlight the next action.",
        "Refund policy question 35 Answer with Brazil-specific guidance, link to relevant pages, and highlight the next action.",
        "Refund policy question 36 Answer with Brazil-specific guidance, link to relevant pages, and highlight the next action.",
        "Refund policy question 37 Answer with Brazil-specific guidance, link to relevant pages, and highlight the next action.",
        "Refund policy question 38 Answer with Brazil-specific guidance, link to relevant pages, and highlight the next action.",
        "Refund policy question 39 Answer with Brazil-specific guidance, link to relevant pages, and highlight the next action.",
        "Refund policy question 40 Answer with Brazil-specific guidance, link to relevant pages, and highlight the next action.",
        "Refund policy question 41 Answer with Brazil-specific guidance, link to relevant pages, and highlight the next action.",
        "Refund policy question 42 Answer with Brazil-specific guidance, link to relevant pages, and highlight the next action.",
        "Refund policy question 43 Answer with Brazil-specific guidance, link to relevant pages, and highlight the next action.",
        "Refund policy question 44 Answer with Brazil-specific guidance, link to relevant pages, and highlight the next action.",
        "Refund policy question 45 Answer with Brazil-specific guidance, link to relevant pages, and highlight the next action.",
        "Refund policy question 46 Answer with Brazil-specific guidance, link to relevant pages, and highlight the next action.",
        "Refund policy question 47 Answer with Brazil-specific guidance, link to relevant pages, and highlight the next action.",
        "Refund policy question 48 Answer with Brazil-specific guidance, link to relevant pages, and highlight the next action.",
        "Refund policy question 49 Answer with Brazil-specific guidance, link to relevant pages, and highlight the next action.",
        "Refund policy question 50 Answer with Brazil-specific guidance, link to relevant pages, and highlight the next action.",
        "Refund policy question 51 Answer with Brazil-specific guidance, link to relevant pages, and highlight the next action.",
        "Refund policy question 52 Answer with Brazil-specific guidance, link to relevant pages, and highlight the next action.",
        "Refund policy question 53 Answer with Brazil-specific guidance, link to relevant pages, and highlight the next action.",
        "Refund policy question 54 Answer with Brazil-specific guidance, link to relevant pages, and highlight the next action.",
        "Refund policy question 55 Answer with Brazil-specific guidance, link to relevant pages, and highlight the next action.",
        "Refund policy question 56 Answer with Brazil-specific guidance, link to relevant pages, and highlight the next action.",
        "Refund policy question 57 Answer with Brazil-specific guidance, link to relevant pages, and highlight the next action.",
        "Refund policy question 58 Answer with Brazil-specific guidance, link to relevant pages, and highlight the next action.",
        "Refund policy question 59 Answer with Brazil-specific guidance, link to relevant pages, and highlight the next action.",
        "Refund policy question 60 Answer with Brazil-specific guidance, link to relevant pages, and highlight the next action.",
        "Refund policy question 61 Answer with Brazil-specific guidance, link to relevant pages, and highlight the next action.",
        "Refund policy question 62 Answer with Brazil-specific guidance, link to relevant pages, and highlight the next action.",
        "Refund policy question 63 Answer with Brazil-specific guidance, link to relevant pages, and highlight the next action.",
        "Refund policy question 64 Answer with Brazil-specific guidance, link to relevant pages, and highlight the next action.",
        "Refund policy question 65 Answer with Brazil-specific guidance, link to relevant pages, and highlight the next action.",
        "Refund policy question 66 Answer with Brazil-specific guidance, link to relevant pages, and highlight the next action.",
        "Refund policy question 67 Answer with Brazil-specific guidance, link to relevant pages, and highlight the next action.",
        "Refund policy question 68 Answer with Brazil-specific guidance, link to relevant pages, and highlight the next action.",
        "Refund policy question 69 Answer with Brazil-specific guidance, link to relevant pages, and highlight the next action.",
        "Refund policy question 70 Answer with Brazil-specific guidance, link to relevant pages, and highlight the next action.",
        "Refund policy question 71 Answer with Brazil-specific guidance, link to relevant pages, and highlight the next action.",
        "Refund policy question 72 Answer with Brazil-specific guidance, link to relevant pages, and highlight the next action.",
        "Refund policy question 73 Answer with Brazil-specific guidance, link to relevant pages, and highlight the next action.",
        "Refund policy question 74 Answer with Brazil-specific guidance, link to relevant pages, and highlight the next action.",
        "Refund policy question 75 Answer with Brazil-specific guidance, link to relevant pages, and highlight the next action.",
        "Refund policy question 76 Answer with Brazil-specific guidance, link to relevant pages, and highlight the next action.",
        "Refund policy question 77 Answer with Brazil-specific guidance, link to relevant pages, and highlight the next action.",
        "Refund policy question 78 Answer with Brazil-specific guidance, link to relevant pages, and highlight the next action.",
        "Refund policy question 79 Answer with Brazil-specific guidance, link to relevant pages, and highlight the next action.",
        "Refund policy question 80 Answer with Brazil-specific guidance, link to relevant pages, and highlight the next action.",
        "Refund policy question 81 Answer with Brazil-specific guidance, link to relevant pages, and highlight the next action.",
        "Refund policy question 82 Answer with Brazil-specific guidance, link to relevant pages, and highlight the next action.",
        "Refund policy question 83 Answer with Brazil-specific guidance, link to relevant pages, and highlight the next action.",
        "Refund policy question 84 Answer with Brazil-specific guidance, link to relevant pages, and highlight the next action.",
        "Refund policy question 85 Answer with Brazil-specific guidance, link to relevant pages, and highlight the next action.",
        "Refund policy question 86 Answer with Brazil-specific guidance, link to relevant pages, and highlight the next action.",
        "Refund policy question 87 Answer with Brazil-specific guidance, link to relevant pages, and highlight the next action.",
        "Refund policy question 88 Answer with Brazil-specific guidance, link to relevant pages, and highlight the next action.",
        "Refund policy question 89 Answer with Brazil-specific guidance, link to relevant pages, and highlight the next action.",
        "Refund policy question 90 Answer with Brazil-specific guidance, link to relevant pages, and highlight the next action.",
        "Refund policy question 91 Answer with Brazil-specific guidance, link to relevant pages, and highlight the next action.",
        "Refund policy question 92 Answer with Brazil-specific guidance, link to relevant pages, and highlight the next action.",
        "Refund policy question 93 Answer with Brazil-specific guidance, link to relevant pages, and highlight the next action.",
        "Refund policy question 94 Answer with Brazil-specific guidance, link to relevant pages, and highlight the next action.",
        "Refund policy question 95 Answer with Brazil-specific guidance, link to relevant pages, and highlight the next action.",
        "Refund policy question 96 Answer with Brazil-specific guidance, link to relevant pages, and highlight the next action.",
        "Refund policy question 97 Answer with Brazil-specific guidance, link to relevant pages, and highlight the next action.",
        "Refund policy question 98 Answer with Brazil-specific guidance, link to relevant pages, and highlight the next action.",
        "Refund policy question 99 Answer with Brazil-specific guidance, link to relevant pages, and highlight the next action.",
        "Refund policy question 100 Answer with Brazil-specific guidance, link to relevant pages, and highlight the next action.",
        "Refund policy question 101 Answer with Brazil-specific guidance, link to relevant pages, and highlight the next action.",
        "Refund policy question 102 Answer with Brazil-specific guidance, link to relevant pages, and highlight the next action.",
        "Refund policy question 103 Answer with Brazil-specific guidance, link to relevant pages, and highlight the next action.",
        "Refund policy question 104 Answer with Brazil-specific guidance, link to relevant pages, and highlight the next action.",
        "Refund policy question 105 Answer with Brazil-specific guidance, link to relevant pages, and highlight the next action.",
        "Refund policy question 106 Answer with Brazil-specific guidance, link to relevant pages, and highlight the next action.",
        "Refund policy question 107 Answer with Brazil-specific guidance, link to relevant pages, and highlight the next action.",
        "Refund policy question 108 Answer with Brazil-specific guidance, link to relevant pages, and highlight the next action.",
        "Refund policy question 109 Answer with Brazil-specific guidance, link to relevant pages, and highlight the next action.",
        "Refund policy question 110 Answer with Brazil-specific guidance, link to relevant pages, and highlight the next action.",
        "Refund policy question 111 Answer with Brazil-specific guidance, link to relevant pages, and highlight the next action.",
        "Refund policy question 112 Answer with Brazil-specific guidance, link to relevant pages, and highlight the next action.",
        "Refund policy question 113 Answer with Brazil-specific guidance, link to relevant pages, and highlight the next action.",
        "Refund policy question 114 Answer with Brazil-specific guidance, link to relevant pages, and highlight the next action.",
        "Refund policy question 115 Answer with Brazil-specific guidance, link to relevant pages, and highlight the next action.",
        "Refund policy question 116 Answer with Brazil-specific guidance, link to relevant pages, and highlight the next action.",
        "Refund policy question 117 Answer with Brazil-specific guidance, link to relevant pages, and highlight the next action.",
        "Refund policy question 118 Answer with Brazil-specific guidance, link to relevant pages, and highlight the next action.",
        "Refund policy question 119 Answer with Brazil-specific guidance, link to relevant pages, and highlight the next action.",
        "Refund policy question 120 Answer with Brazil-specific guidance, link to relevant pages, and highlight the next action."
      ]
    },
    {
      "title": "Brazil relocation checklist 1270",
      "paragraphs": [
        "This guide explains brazil relocation checklist 1270 for Refund policy. We highlight eligibility, document requirements, timelines, and practical next steps so you can move forward confidently.",
        "Confirm your objectives and preferred timelines.",
        "Gather supporting documentation and references.",
        "Review regional requirements and eligibility criteria.",
        "Note deadlines, fees, and local processing times.",
        "Create a short action plan with immediate next steps."
      ]
    },
    {
      "title": "Brazil relocation checklist 1282",
      "paragraphs": [
        "This guide explains brazil relocation checklist 1282 for Refund policy. We highlight eligibility, document requirements, timelines, and practical next steps so you can move forward confidently.",
        "Confirm your objectives and preferred timelines.",
        "Gather supporting documentation and references.",
        "Review regional requirements and eligibility criteria.",
        "Note deadlines, fees, and local processing times.",
        "Create a short action plan with immediate next steps."
      ]
    },
    {
      "title": "Brazil relocation checklist 1294",
      "paragraphs": [
        "This guide explains brazil relocation checklist 1294 for Refund policy. We highlight eligibility, document requirements, timelines, and practical next steps so you can move forward confidently.",
        "Confirm your objectives and preferred timelines.",
        "Gather supporting documentation and references.",
        "Review regional requirements and eligibility criteria.",
        "Note deadlines, fees, and local processing times.",
        "Create a short action plan with immediate next steps."
      ]
    },
    {
      "title": "Brazil relocation checklist 1306",
      "paragraphs": [
        "This guide explains brazil relocation checklist 1306 for Refund policy. We highlight eligibility, document requirements, timelines, and practical next steps so you can move forward confidently.",
        "Confirm your objectives and preferred timelines.",
        "Gather supporting documentation and references.",
        "Review regional requirements and eligibility criteria.",
        "Note deadlines, fees, and local processing times.",
        "Create a short action plan with immediate next steps."
      ]
    },
    {
      "title": "Brazil relocation checklist 1318",
      "paragraphs": [
        "This guide explains brazil relocation checklist 1318 for Refund policy. We highlight eligibility, document requirements, timelines, and practical next steps so you can move forward confidently.",
        "Confirm your objectives and preferred timelines.",
        "Gather supporting documentation and references.",
        "Review regional requirements and eligibility criteria.",
        "Note deadlines, fees, and local processing times.",
        "Create a short action plan with immediate next steps."
      ]
    },
    {
      "title": "Brazil relocation checklist 1330",
      "paragraphs": [
        "This guide explains brazil relocation checklist 1330 for Refund policy. We highlight eligibility, document requirements, timelines, and practical next steps so you can move forward confidently.",
        "Confirm your objectives and preferred timelines.",
        "Gather supporting documentation and references.",
        "Review regional requirements and eligibility criteria.",
        "Note deadlines, fees, and local processing times.",
        "Create a short action plan with immediate next steps."
      ]
    },
    {
      "title": "Brazil relocation checklist 1342",
      "paragraphs": [
        "This guide explains brazil relocation checklist 1342 for Refund policy. We highlight eligibility, document requirements, timelines, and practical next steps so you can move forward confidently.",
        "Confirm your objectives and preferred timelines.",
        "Gather supporting documentation and references.",
        "Review regional requirements and eligibility criteria.",
        "Note deadlines, fees, and local processing times.",
        "Create a short action plan with immediate next steps."
      ]
    },
    {
      "title": "Brazil relocation checklist 1354",
      "paragraphs": [
        "This guide explains brazil relocation checklist 1354 for Refund policy. We highlight eligibility, document requirements, timelines, and practical next steps so you can move forward confidently.",
        "Confirm your objectives and preferred timelines.",
        "Gather supporting documentation and references.",
        "Review regional requirements and eligibility criteria.",
        "Note deadlines, fees, and local processing times.",
        "Create a short action plan with immediate next steps."
      ]
    },
    {
      "title": "Brazil relocation checklist 1366",
      "paragraphs": [
        "This guide explains brazil relocation checklist 1366 for Refund policy. We highlight eligibility, document requirements, timelines, and practical next steps so you can move forward confidently.",
        "Confirm your objectives and preferred timelines.",
        "Gather supporting documentation and references.",
        "Review regional requirements and eligibility criteria.",
        "Note deadlines, fees, and local processing times.",
        "Create a short action plan with immediate next steps."
      ]
    },
    {
      "title": "Brazil relocation checklist 1378",
      "paragraphs": [
        "This guide explains brazil relocation checklist 1378 for Refund policy. We highlight eligibility, document requirements, timelines, and practical next steps so you can move forward confidently.",
        "Confirm your objectives and preferred timelines.",
        "Gather supporting documentation and references.",
        "Review regional requirements and eligibility criteria.",
        "Note deadlines, fees, and local processing times.",
        "Create a short action plan with immediate next steps."
      ]
    },
    {
      "title": "Brazil relocation checklist 1390",
      "paragraphs": [
        "This guide explains brazil relocation checklist 1390 for Refund policy. We highlight eligibility, document requirements, timelines, and practical next steps so you can move forward confidently.",
        "Confirm your objectives and preferred timelines.",
        "Gather supporting documentation and references.",
        "Review regional requirements and eligibility criteria.",
        "Note deadlines, fees, and local processing times.",
        "Create a short action plan with immediate next steps."
      ]
    },
    {
      "title": "Brazil relocation checklist 1402",
      "paragraphs": [
        "This guide explains brazil relocation checklist 1402 for Refund policy. We highlight eligibility, document requirements, timelines, and practical next steps so you can move forward confidently.",
        "Confirm your objectives and preferred timelines.",
        "Gather supporting documentation and references.",
        "Review regional requirements and eligibility criteria.",
        "Note deadlines, fees, and local processing times.",
        "Create a short action plan with immediate next steps."
      ]
    },
    {
      "title": "Brazil relocation checklist 1414",
      "paragraphs": [
        "This guide explains brazil relocation checklist 1414 for Refund policy. We highlight eligibility, document requirements, timelines, and practical next steps so you can move forward confidently.",
        "Confirm your objectives and preferred timelines.",
        "Gather supporting documentation and references.",
        "Review regional requirements and eligibility criteria.",
        "Note deadlines, fees, and local processing times.",
        "Create a short action plan with immediate next steps."
      ]
    },
    {
      "title": "Brazil relocation checklist 1426",
      "paragraphs": [
        "This guide explains brazil relocation checklist 1426 for Refund policy. We highlight eligibility, document requirements, timelines, and practical next steps so you can move forward confidently.",
        "Confirm your objectives and preferred timelines.",
        "Gather supporting documentation and references.",
        "Review regional requirements and eligibility criteria.",
        "Note deadlines, fees, and local processing times.",
        "Create a short action plan with immediate next steps."
      ]
    },
    {
      "title": "Brazil relocation checklist 1438",
      "paragraphs": [
        "This guide explains brazil relocation checklist 1438 for Refund policy. We highlight eligibility, document requirements, timelines, and practical next steps so you can move forward confidently.",
        "Confirm your objectives and preferred timelines.",
        "Gather supporting documentation and references.",
        "Review regional requirements and eligibility criteria.",
        "Note deadlines, fees, and local processing times.",
        "Create a short action plan with immediate next steps."
      ]
    },
    {
      "title": "Brazil relocation checklist 1450",
      "paragraphs": [
        "This guide explains brazil relocation checklist 1450 for Refund policy. We highlight eligibility, document requirements, timelines, and practical next steps so you can move forward confidently.",
        "Confirm your objectives and preferred timelines.",
        "Gather supporting documentation and references.",
        "Review regional requirements and eligibility criteria.",
        "Note deadlines, fees, and local processing times.",
        "Create a short action plan with immediate next steps."
      ]
    },
    {
      "title": "Brazil relocation checklist 1462",
      "paragraphs": [
        "This guide explains brazil relocation checklist 1462 for Refund policy. We highlight eligibility, document requirements, timelines, and practical next steps so you can move forward confidently.",
        "Confirm your objectives and preferred timelines.",
        "Gather supporting documentation and references.",
        "Review regional requirements and eligibility criteria.",
        "Note deadlines, fees, and local processing times.",
        "Create a short action plan with immediate next steps."
      ]
    },
    {
      "title": "Brazil relocation checklist 1474",
      "paragraphs": [
        "This guide explains brazil relocation checklist 1474 for Refund policy. We highlight eligibility, document requirements, timelines, and practical next steps so you can move forward confidently.",
        "Confirm your objectives and preferred timelines.",
        "Gather supporting documentation and references.",
        "Review regional requirements and eligibility criteria.",
        "Note deadlines, fees, and local processing times.",
        "Create a short action plan with immediate next steps."
      ]
    },
    {
      "title": "Brazil relocation checklist 1486",
      "paragraphs": [
        "This guide explains brazil relocation checklist 1486 for Refund policy. We highlight eligibility, document requirements, timelines, and practical next steps so you can move forward confidently.",
        "Confirm your objectives and preferred timelines.",
        "Gather supporting documentation and references.",
        "Review regional requirements and eligibility criteria.",
        "Note deadlines, fees, and local processing times.",
        "Create a short action plan with immediate next steps."
      ]
    },
    {
      "title": "Brazil relocation checklist 1498",
      "paragraphs": [
        "This guide explains brazil relocation checklist 1498 for Refund policy. We highlight eligibility, document requirements, timelines, and practical next steps so you can move forward confidently.",
        "Confirm your objectives and preferred timelines.",
        "Gather supporting documentation and references.",
        "Review regional requirements and eligibility criteria.",
        "Note deadlines, fees, and local processing times.",
        "Create a short action plan with immediate next steps."
      ]
    },
    {
      "title": "Brazil relocation checklist 1510",
      "paragraphs": [
        "This guide explains brazil relocation checklist 1510 for Refund policy. We highlight eligibility, document requirements, timelines, and practical next steps so you can move forward confidently.",
        "Confirm your objectives and preferred timelines.",
        "Gather supporting documentation and references.",
        "Review regional requirements and eligibility criteria.",
        "Note deadlines, fees, and local processing times.",
        "Create a short action plan with immediate next steps."
      ]
    },
    {
      "title": "Brazil relocation checklist 1522",
      "paragraphs": [
        "This guide explains brazil relocation checklist 1522 for Refund policy. We highlight eligibility, document requirements, timelines, and practical next steps so you can move forward confidently.",
        "Confirm your objectives and preferred timelines.",
        "Gather supporting documentation and references.",
        "Review regional requirements and eligibility criteria.",
        "Note deadlines, fees, and local processing times.",
        "Create a short action plan with immediate next steps."
      ]
    },
    {
      "title": "Brazil relocation checklist 1534",
      "paragraphs": [
        "This guide explains brazil relocation checklist 1534 for Refund policy. We highlight eligibility, document requirements, timelines, and practical next steps so you can move forward confidently.",
        "Confirm your objectives and preferred timelines.",
        "Gather supporting documentation and references.",
        "Review regional requirements and eligibility criteria.",
        "Note deadlines, fees, and local processing times.",
        "Create a short action plan with immediate next steps."
      ]
    },
    {
      "title": "Brazil relocation checklist 1546",
      "paragraphs": [
        "This guide explains brazil relocation checklist 1546 for Refund policy. We highlight eligibility, document requirements, timelines, and practical next steps so you can move forward confidently.",
        "Confirm your objectives and preferred timelines.",
        "Gather supporting documentation and references.",
        "Review regional requirements and eligibility criteria.",
        "Note deadlines, fees, and local processing times.",
        "Create a short action plan with immediate next steps."
      ]
    },
    {
      "title": "Brazil relocation checklist 1558",
      "paragraphs": [
        "This guide explains brazil relocation checklist 1558 for Refund policy. We highlight eligibility, document requirements, timelines, and practical next steps so you can move forward confidently.",
        "Confirm your objectives and preferred timelines.",
        "Gather supporting documentation and references.",
        "Review regional requirements and eligibility criteria.",
        "Note deadlines, fees, and local processing times.",
        "Create a short action plan with immediate next steps."
      ]
    },
    {
      "title": "Brazil relocation checklist 1570",
      "paragraphs": [
        "This guide explains brazil relocation checklist 1570 for Refund policy. We highlight eligibility, document requirements, timelines, and practical next steps so you can move forward confidently.",
        "Confirm your objectives and preferred timelines.",
        "Gather supporting documentation and references.",
        "Review regional requirements and eligibility criteria.",
        "Note deadlines, fees, and local processing times.",
        "Create a short action plan with immediate next steps."
      ]
    },
    {
      "title": "Brazil relocation checklist 1582",
      "paragraphs": [
        "This guide explains brazil relocation checklist 1582 for Refund policy. We highlight eligibility, document requirements, timelines, and practical next steps so you can move forward confidently.",
        "Confirm your objectives and preferred timelines.",
        "Gather supporting documentation and references.",
        "Review regional requirements and eligibility criteria.",
        "Note deadlines, fees, and local processing times.",
        "Create a short action plan with immediate next steps."
      ]
    },
    {
      "title": "Brazil relocation checklist 1594",
      "paragraphs": [
        "This guide explains brazil relocation checklist 1594 for Refund policy. We highlight eligibility, document requirements, timelines, and practical next steps so you can move forward confidently.",
        "Confirm your objectives and preferred timelines.",
        "Gather supporting documentation and references.",
        "Review regional requirements and eligibility criteria.",
        "Note deadlines, fees, and local processing times.",
        "Create a short action plan with immediate next steps."
      ]
    }
  ],
  "bullets": [
    "Refund summary",
    "Eligibility",
    "Request process",
    "Processing times",
    "Exceptions",
    "FAQ",
    "Core resources",
    "State-by-state guides",
    "Regional hubs",
    "Brazilian food guides",
    "Brazilian festival guides",
    "City relocation guides",
    "Visa types",
    "Apply steps",
    "Cost of living tiers",
    "Practical guides",
    "Frequently asked questions",
    "Confirm your objectives and preferred timelines.",
    "Gather supporting documentation and references.",
    "Review regional requirements and eligibility criteria.",
    "Note deadlines, fees, and local processing times.",
    "Create a short action plan with immediate next steps.",
    "Work visa (employment sponsorship)",
    "Permanent residency pathway",
    "Investor visa",
    "Family reunification",
    "Student visa",
    "Retired/Rentista visa",
    "Digital nomad / remote work",
    "Choose your visa type and confirm eligibility.",
    "Collect required documents and certified copies.",
    "Translate and apostille documents where required.",
    "Find your Brazilian consulate and schedule an appointment.",
    "Submit your application and pay fees.",
    "Track approval timelines and respond to requests.",
    "Travel to Brazil within your visa window.",
    "Register with Federal Police and obtain your residency card.",
    "Budget: $800–1,200/month in smaller cities.",
    "Comfortable: $1,500–2,500/month in most metros.",
    "Premium: $3,000+/month in top-tier neighborhoods.",
    "CPF registration",
    "Opening a bank account",
    "Finding accommodation",
    "Healthcare and insurance",
    "Transportation and mobility",
    "School enrollment",
    "State guides",
    "Visa types & requirements",
    "Cost of living",
    "Discover regions",
    "Resources & guides",
    "Apply step-by-step",
    "About the team",
    "Contact",
    "Privacy",
    "Terms",
    "Acre (AC)",
    "Alagoas (AL)",
    "Amazonas (AM)",
    "Amapá (AP)",
    "Bahia (BA)",
    "Ceará (CE)",
    "Distrito Federal (DF)",
    "Espírito Santo (ES)",
    "Goiás (GO)",
    "Maranhão (MA)",
    "Minas Gerais (MG)",
    "Mato Grosso do Sul (MS)",
    "Mato Grosso (MT)",
    "Pará (PA)",
    "Paraíba (PB)",
    "Pernambuco (PE)",
    "Piauí (PI)",
    "Paraná (PR)",
    "Rio de Janeiro (RJ)",
    "Rio Grande do Norte (RN)",
    "Rondônia (RO)",
    "Roraima (RR)",
    "Rio Grande do Sul (RS)",
    "Santa Catarina (SC)",
    "Sergipe (SE)",
    "São Paulo (SP)",
    "Tocantins (TO)",
    "North Region",
    "Northeast Region",
    "Central West Region",
    "South Region",
    "Southeast Region",
    "Acre",
    "Alagoas",
    "Amapa",
    "Amazonas",
    "Bahia",
    "Ceara",
    "Distrito Federal",
    "Espirito Santo",
    "Goias",
    "Maranhao",
    "Mato Grosso",
    "Mato Grosso Do Sul",
    "Minas Gerais",
    "Para",
    "Paraiba",
    "Parana",
    "Pernambuco",
    "Piaui",
    "Rio De Janeiro",
    "Rio Grande Do Norte",
    "Rio Grande Do Sul",
    "Rondonia",
    "Roraima",
    "Santa Catarina",
    "Sao Paulo",
    "Sergipe",
    "Tocantins",
    "Move To Acrelandia Acre Brazil",
    "Move To Assis Brasil Acre Brazil",
    "Move To Brasileia Acre Brazil",
    "Move To Bujari Acre Brazil",
    "Move To Capixaba Acre Brazil",
    "Move To Cruzeiro Do Sul Acre Brazil",
    "Move To Epitaciolandia Acre Brazil",
    "Move To Feijo Acre Brazil",
    "Move To Jordao Acre Brazil",
    "Move To Mancio Lima Acre Brazil",
    "Move To Manoel Urbano Acre Brazil",
    "Move To Marechal Thaumaturgo Acre Brazil",
    "Move To Placido De Castro Acre Brazil",
    "Move To Porto Acre Acre Brazil",
    "Move To Porto Walter Acre Brazil",
    "Move To Rio Branco Acre Brazil",
    "Move To Rodrigues Alves Acre Brazil",
    "Move To Santa Rosa Do Purus Acre Brazil",
    "Move To Sena Madureira Acre Brazil",
    "Move To Senador Guiomard Acre Brazil",
    "Move To Tarauaca Acre Brazil",
    "Move To Xapuri Acre Brazil",
    "Move To Amapari Amapa Brazil",
    "Move To Calcoene Amapa Brazil",
    "Move To Cutias Amapa Brazil",
    "Move To Ferreira Gomes Amapa Brazil",
    "Move To Itaubal Amapa Brazil",
    "Move To Laranjal Do Jari Amapa Brazil",
    "Move To Macapa Amapa Brazil",
    "Move To Mazagao Amapa Brazil",
    "Move To Oiapoque Amapa Brazil",
    "Move To Pedra Branca Do Amapari Amapa Brazil",
    "Move To Porto Grande Amapa Brazil",
    "Move To Pracuuba Amapa Brazil",
    "Move To Santana Amapa Brazil",
    "Move To Serra Do Navio Amapa Brazil",
    "Move To Tartarugalzinho Amapa Brazil",
    "Move To Vitoria Do Jari Amapa Brazil",
    "Move To Alvaraes Amazonas Brazil",
    "Move To Amatura Amazonas Brazil",
    "Move To Anama Amazonas Brazil",
    "Move To Anori Amazonas Brazil",
    "Move To Apui Amazonas Brazil",
    "Move To Atalaia Do Norte Amazonas Brazil",
    "Move To Autazes Amazonas Brazil",
    "Move To Barcelos Amazonas Brazil",
    "Move To Barreirinha Amazonas Brazil",
    "Move To Benjamin Constant Amazonas Brazil",
    "Move To Beruri Amazonas Brazil",
    "Move To Boa Vista Do Ramos Amazonas Brazil",
    "Move To Borba Amazonas Brazil",
    "Move To Caapiranga Amazonas Brazil",
    "Move To Canutama Amazonas Brazil",
    "Move To Carauari Amazonas Brazil",
    "Move To Careiro Amazonas Brazil",
    "Move To Careiro Da Varzea Amazonas Brazil",
    "Move To Coari Amazonas Brazil",
    "Move To Codajas Amazonas Brazil",
    "Move To Eirunepe Amazonas Brazil",
    "Move To Envira Amazonas Brazil",
    "Move To Fonte Boa Amazonas Brazil",
    "Move To Guajara Amazonas Brazil",
    "Move To Humaita Amazonas Brazil",
    "Move To Ipixuna Amazonas Brazil",
    "Move To Iranduba Amazonas Brazil",
    "Move To Itacoatiara Amazonas Brazil",
    "Move To Itamarati Amazonas Brazil",
    "Move To Itapiranga Amazonas Brazil",
    "Move To Japura Amazonas Brazil",
    "Move To Jurua Amazonas Brazil",
    "Move To Jutai Amazonas Brazil",
    "Move To Labrea Amazonas Brazil",
    "Move To Manacapuru Amazonas Brazil",
    "Move To Manaquiri Amazonas Brazil",
    "Move To Manaus Amazonas Brazil",
    "Move To Manicore Amazonas Brazil",
    "Move To Maraa Amazonas Brazil",
    "Move To Maues Amazonas Brazil",
    "Move To Nhamunda Amazonas Brazil",
    "Move To Nova Olinda Do Norte Amazonas Brazil",
    "Move To Novo Airao Amazonas Brazil",
    "Move To Novo Aripuana Amazonas Brazil",
    "Move To Parintins Amazonas Brazil",
    "Move To Pauini Amazonas Brazil",
    "Move To Presidente Figueiredo Amazonas Brazil",
    "Move To Rio Preto Da Eva Amazonas Brazil",
    "Move To Santa Isabel Do Rio Negro Amazonas Brazil",
    "Move To Santo Antonio Do Ica Amazonas Brazil",
    "Move To Sao Gabriel Da Cachoeira Amazonas Brazil",
    "Move To Sao Paulo De Olivenca Amazonas Brazil",
    "Move To Sao Sebastiao Do Uatuma Amazonas Brazil",
    "Move To Silves Amazonas Brazil",
    "Move To Tabatinga Amazonas Brazil",
    "Move To Tapaua Amazonas Brazil",
    "Move To Tefe Amazonas Brazil",
    "Move To Tonantins Amazonas Brazil",
    "Move To Uarini Amazonas Brazil",
    "Move To Urucara Amazonas Brazil",
    "Move To Urucurituba Amazonas Brazil",
    "Move To Abaetetuba Para Brazil",
    "Move To Abel Figueiredo Para Brazil",
    "Move To Acara Para Brazil",
    "Move To Afua Para Brazil",
    "Move To Agua Azul Do Norte Para Brazil",
    "Move To Alenquer Para Brazil",
    "Move To Almeirim Para Brazil",
    "Move To Altamira Para Brazil",
    "Move To Anajas Para Brazil",
    "Move To Ananindeua Para Brazil",
    "Move To Anapu Para Brazil",
    "Move To Augusto Correa Para Brazil",
    "Move To Aurora Do Para Para Brazil",
    "Move To Aveiro Para Brazil",
    "Move To Bagre Para Brazil",
    "Move To Baiao Para Brazil",
    "Move To Bannach Para Brazil",
    "Move To Barcarena Para Brazil",
    "Move To Belem Para Brazil",
    "Move To Belterra Para Brazil",
    "Move To Benevides Para Brazil",
    "Move To Bom Jesus Do Tocantins Para Brazil",
    "Move To Bonito Para Brazil",
    "Move To Braganca Para Brazil",
    "Move To Brasil Novo Para Brazil",
    "Move To Brejo Grande Do Araguaia Para Brazil",
    "Move To Breu Branco Para Brazil",
    "Move To Breves Para Brazil",
    "Move To Bujaru Para Brazil",
    "Move To Cachoeira Do Arari Para Brazil",
    "Move To Cachoeira Do Piria Para Brazil",
    "Move To Cameta Para Brazil",
    "Move To Canaa Dos Carajas Para Brazil",
    "Move To Capanema Para Brazil",
    "Move To Capitao Poco Para Brazil",
    "Move To Castanhal Para Brazil",
    "Move To Chaves Para Brazil",
    "Move To Colares Para Brazil",
    "Move To Conceicao Do Araguaia Para Brazil",
    "Move To Concordia Do Para Para Brazil",
    "Move To Cumaru Do Norte Para Brazil",
    "Move To Curionopolis Para Brazil",
    "Move To Curralinho Para Brazil",
    "Move To Curua Para Brazil",
    "Move To Curuca Para Brazil",
    "Move To Dom Eliseu Para Brazil",
    "Move To Eldorado Dos Carajas Para Brazil",
    "Move To Faro Para Brazil",
    "Move To Floresta Do Araguaia Para Brazil",
    "Move To Garrafao Do Norte Para Brazil",
    "Move To Goianesia Do Para Para Brazil",
    "Move To Gurupa Para Brazil",
    "Move To Igarape Acu Para Brazil",
    "Move To Igarape Miri Para Brazil",
    "Move To Inhangapi Para Brazil",
    "Move To Ipixuna Do Para Para Brazil",
    "Move To Irituia Para Brazil",
    "Move To Itaituba Para Brazil",
    "Move To Itupiranga Para Brazil",
    "Move To Jacareacanga Para Brazil",
    "Move To Jacunda Para Brazil",
    "Move To Juruti Para Brazil",
    "Move To Limoeiro Do Ajuru Para Brazil",
    "Move To Mae Do Rio Para Brazil",
    "Move To Magalhaes Barata Para Brazil",
    "Move To Maraba Para Brazil",
    "Move To Maracana Para Brazil",
    "Move To Marapanim Para Brazil",
    "Move To Marituba Para Brazil",
    "Move To Medicilandia Para Brazil",
    "Move To Melgaco Para Brazil",
    "Move To Mocajuba Para Brazil",
    "Move To Moju Para Brazil",
    "Move To Mojui Dos Campos Para Brazil",
    "Move To Monte Alegre Para Brazil",
    "Move To Muana Para Brazil",
    "Move To Nova Esperanca Do Piria Para Brazil",
    "Move To Nova Ipixuna Para Brazil",
    "Move To Nova Timboteua Para Brazil",
    "Move To Novo Progresso Para Brazil",
    "Move To Novo Repartimento Para Brazil",
    "Move To Obidos Para Brazil",
    "Move To Oeiras Do Para Para Brazil",
    "Move To Oriximina Para Brazil",
    "Move To Ourem Para Brazil",
    "Move To Ourilandia Do Norte Para Brazil",
    "Move To Pacaja Para Brazil",
    "Move To Palestina Do Para Para Brazil",
    "Move To Paragominas Para Brazil",
    "Move To Parauapebas Para Brazil",
    "Move To Pau D Arco Para Brazil",
    "Move To Peixe Boi Para Brazil",
    "Move To Picarra Para Brazil",
    "Move To Placas Para Brazil",
    "Move To Ponta De Pedras Para Brazil",
    "Move To Portel Para Brazil",
    "Move To Porto De Moz Para Brazil",
    "Move To Prainha Para Brazil",
    "Move To Primavera Para Brazil",
    "Move To Quatipuru Para Brazil",
    "Move To Redencao Para Brazil",
    "Move To Rio Maria Para Brazil",
    "Move To Rondon Do Para Para Brazil",
    "Move To Ruropolis Para Brazil",
    "Move To Salinopolis Para Brazil",
    "Move To Salvaterra Para Brazil",
    "Move To Santa Barbara Do Para Para Brazil",
    "Move To Santa Cruz Do Arari Para Brazil",
    "Move To Santa Isabel Do Para Para Brazil",
    "Move To Santa Luzia Do Para Para Brazil",
    "Move To Santa Maria Das Barreiras Para Brazil",
    "Move To Santa Maria Do Para Para Brazil",
    "Move To Santana Do Araguaia Para Brazil",
    "Move To Santarem Novo Para Brazil",
    "Move To Santarem Para Brazil",
    "Move To Santo Antonio Do Taua Para Brazil",
    "Move To Sao Caetano De Odivelas Para Brazil",
    "Move To Sao Domingos Do Araguaia Para Brazil",
    "Move To Sao Domingos Do Capim Para Brazil",
    "Move To Sao Felix Do Xingu Para Brazil",
    "Move To Sao Francisco Do Para Para Brazil",
    "Move To Sao Geraldo Do Araguaia Para Brazil",
    "Move To Sao Joao Da Ponta Para Brazil",
    "Move To Sao Joao De Pirabas Para Brazil",
    "Move To Sao Joao Do Araguaia Para Brazil",
    "Move To Sao Miguel Do Guama Para Brazil",
    "Move To Sao Sebastiao Da Boa Vista Para Brazil",
    "Move To Sapucaia Para Brazil",
    "Move To Senador Jose Porfirio Para Brazil",
    "Move To Soure Para Brazil",
    "Move To Tailandia Para Brazil",
    "Move To Terra Alta Para Brazil",
    "Move To Terra Santa Para Brazil",
    "Move To Tome Acu Para Brazil",
    "Move To Tracuateua Para Brazil",
    "Move To Trairao Para Brazil",
    "Move To Tucuma Para Brazil",
    "Move To Tucurui Para Brazil",
    "Move To Ulianopolis Para Brazil",
    "Move To Uruara Para Brazil",
    "Move To Vigia Para Brazil",
    "Move To Viseu Para Brazil",
    "Move To Vitoria Do Xingu Para Brazil",
    "Move To Xinguara Para Brazil",
    "Move To Alta Floresta D Oeste Rondonia Brazil",
    "Move To Alto Alegre Dos Parecis Rondonia Brazil",
    "Move To Alto Paraiso Rondonia Brazil",
    "Move To Alvorada D Oeste Rondonia Brazil",
    "Move To Ariquemes Rondonia Brazil",
    "Move To Buritis Rondonia Brazil",
    "Move To Cabixi Rondonia Brazil",
    "Move To Cacaulandia Rondonia Brazil",
    "Move To Cacoal Rondonia Brazil",
    "Move To Campo Novo De Rondonia Rondonia Brazil",
    "Move To Candeias Do Jamari Rondonia Brazil",
    "Move To Castanheiras Rondonia Brazil",
    "Move To Cerejeiras Rondonia Brazil",
    "Move To Chupinguaia Rondonia Brazil",
    "Move To Colorado Do Oeste Rondonia Brazil",
    "Move To Corumbiara Rondonia Brazil",
    "Move To Costa Marques Rondonia Brazil",
    "Move To Cujubim Rondonia Brazil",
    "Move To Espigao D Oeste Rondonia Brazil",
    "Move To Governador Jorge Teixeira Rondonia Brazil",
    "Move To Guajara Mirim Rondonia Brazil",
    "Move To Itapua Do Oeste Rondonia Brazil",
    "Move To Jaru Rondonia Brazil",
    "Move To Ji Parana Rondonia Brazil",
    "Move To Machadinho D Oeste Rondonia Brazil",
    "Move To Ministro Andreazza Rondonia Brazil",
    "Move To Mirante Da Serra Rondonia Brazil",
    "Move To Monte Negro Rondonia Brazil",
    "Move To Nova Brasilandia D Oeste Rondonia Brazil",
    "Move To Nova Mamore Rondonia Brazil",
    "Move To Nova Uniao Rondonia Brazil",
    "Move To Novo Horizonte Do Oeste Rondonia Brazil",
    "Move To Ouro Preto Do Oeste Rondonia Brazil",
    "Move To Parecis Rondonia Brazil",
    "Move To Pimenta Bueno Rondonia Brazil",
    "Move To Pimenteiras Do Oeste Rondonia Brazil",
    "Move To Porto Velho Rondonia Brazil",
    "Move To Primavera De Rondonia Rondonia Brazil",
    "Move To Rio Crespo Rondonia Brazil",
    "Move To Rolim De Moura Rondonia Brazil",
    "Move To Santa Luzia D Oeste Rondonia Brazil",
    "Move To Sao Felipe D Oeste Rondonia Brazil",
    "Move To Sao Francisco Do Guapore Rondonia Brazil",
    "Move To Sao Miguel Do Guapore Rondonia Brazil",
    "Move To Seringueiras Rondonia Brazil",
    "Move To Teixeiropolis Rondonia Brazil",
    "Move To Theobroma Rondonia Brazil",
    "Move To Urupa Rondonia Brazil",
    "Move To Vale Do Anari Rondonia Brazil",
    "Move To Vale Do Paraiso Rondonia Brazil",
    "Move To Vilhena Rondonia Brazil",
    "Move To Alto Alegre Roraima Brazil",
    "Move To Amajari Roraima Brazil",
    "Move To Boa Vista Roraima Brazil",
    "Move To Bonfim Roraima Brazil",
    "Move To Canta Roraima Brazil",
    "Move To Caracarai Roraima Brazil",
    "Move To Caroebe Roraima Brazil",
    "Move To Iracema Roraima Brazil",
    "Move To Mucajai Roraima Brazil",
    "Move To Normandia Roraima Brazil",
    "Move To Pacaraima Roraima Brazil",
    "Move To Rorainopolis Roraima Brazil",
    "Move To Sao Joao Da Baliza Roraima Brazil",
    "Move To Sao Luiz Roraima Brazil",
    "Move To Uiramuta Roraima Brazil",
    "Move To Abreulandia Tocantins Brazil",
    "Move To Aguiarnopolis Tocantins Brazil",
    "Move To Alianca Do Tocantins Tocantins Brazil",
    "Move To Almas Tocantins Brazil",
    "Move To Alvorada Tocantins Brazil",
    "Move To Ananas Tocantins Brazil",
    "Move To Angico Tocantins Brazil",
    "Move To Aparecida Do Rio Negro Tocantins Brazil",
    "Move To Aragominas Tocantins Brazil",
    "Move To Araguacema Tocantins Brazil",
    "Move To Araguacu Tocantins Brazil",
    "Move To Araguaina Tocantins Brazil",
    "Move To Araguana Tocantins Brazil",
    "Move To Araguatins Tocantins Brazil",
    "Move To Arapoema Tocantins Brazil",
    "Move To Arraias Tocantins Brazil",
    "Move To Augustinopolis Tocantins Brazil",
    "Move To Aurora Do Tocantins Tocantins Brazil",
    "Move To Axixa Do Tocantins Tocantins Brazil",
    "Move To Babaculandia Tocantins Brazil",
    "Move To Bandeirantes Do Tocantins Tocantins Brazil",
    "Move To Barra Do Ouro Tocantins Brazil",
    "Move To Barrolandia Tocantins Brazil",
    "Move To Bernardo Sayao Tocantins Brazil",
    "Move To Bom Jesus Do Tocantins Tocantins Brazil",
    "Move To Brasilandia Do Tocantins Tocantins Brazil",
    "Move To Brejinho De Nazare Tocantins Brazil",
    "Move To Buriti Do Tocantins Tocantins Brazil",
    "Move To Cachoeirinha Tocantins Brazil",
    "Move To Campos Lindos Tocantins Brazil",
    "Move To Cariri Do Tocantins Tocantins Brazil",
    "Move To Carmolandia Tocantins Brazil",
    "Move To Carrasco Bonito Tocantins Brazil",
    "Move To Caseara Tocantins Brazil",
    "Move To Centenario Tocantins Brazil",
    "Move To Chapada Da Natividade Tocantins Brazil",
    "Move To Chapada De Areia Tocantins Brazil",
    "Move To Colinas Do Tocantins Tocantins Brazil",
    "Move To Colmeia Tocantins Brazil",
    "Move To Combinado Tocantins Brazil",
    "Move To Conceicao Do Tocantins Tocantins Brazil",
    "Move To Couto De Magalhaes Tocantins Brazil",
    "Move To Cristalandia Tocantins Brazil",
    "Move To Crixas Do Tocantins Tocantins Brazil",
    "Move To Darcinopolis Tocantins Brazil",
    "Move To Dianopolis Tocantins Brazil",
    "Move To Divinopolis Do Tocantins Tocantins Brazil",
    "Move To Dois Irmaos Do Tocantins Tocantins Brazil",
    "Move To Duere Tocantins Brazil",
    "Move To Esperantina Tocantins Brazil",
    "Move To Fatima Tocantins Brazil",
    "Move To Figueiropolis Tocantins Brazil",
    "Move To Filadelfia Tocantins Brazil",
    "Move To Formoso Do Araguaia Tocantins Brazil",
    "Move To Goianorte Tocantins Brazil",
    "Move To Goiatins Tocantins Brazil",
    "Move To Guarai Tocantins Brazil",
    "Move To Gurupi Tocantins Brazil",
    "Move To Ipueiras Tocantins Brazil",
    "Move To Itacaja Tocantins Brazil",
    "Move To Itaguatins Tocantins Brazil",
    "Move To Itapiratins Tocantins Brazil",
    "Move To Itapora Do Tocantins Tocantins Brazil",
    "Move To Jau Do Tocantins Tocantins Brazil",
    "Move To Juarina Tocantins Brazil",
    "Move To Lagoa Da Confusao Tocantins Brazil",
    "Move To Lagoa Do Tocantins Tocantins Brazil",
    "Move To Lajeado Tocantins Brazil",
    "Move To Lavandeira Tocantins Brazil",
    "Move To Lizarda Tocantins Brazil",
    "Move To Luzinopolis Tocantins Brazil",
    "Move To Marianopolis Do Tocantins Tocantins Brazil",
    "Move To Mateiros Tocantins Brazil",
    "Move To Maurilandia Do Tocantins Tocantins Brazil",
    "Move To Miracema Do Tocantins Tocantins Brazil",
    "Move To Miranorte Tocantins Brazil",
    "Move To Monte Do Carmo Tocantins Brazil",
    "Move To Monte Santo Do Tocantins Tocantins Brazil",
    "Move To Muricilandia Tocantins Brazil",
    "Move To Natividade Tocantins Brazil",
    "Move To Nazare Tocantins Brazil",
    "Move To Nova Olinda Tocantins Brazil",
    "Move To Nova Rosalandia Tocantins Brazil",
    "Move To Novo Acordo Tocantins Brazil",
    "Move To Novo Alegre Tocantins Brazil",
    "Move To Novo Jardim Tocantins Brazil",
    "Move To Oliveira De Fatima Tocantins Brazil",
    "Move To Palmas Tocantins Brazil",
    "Move To Palmeirante Tocantins Brazil",
    "Move To Palmeiras Do Tocantins Tocantins Brazil",
    "Move To Palmeiropolis Tocantins Brazil",
    "Move To Paraiso Do Tocantins Tocantins Brazil",
    "Move To Parana Tocantins Brazil",
    "Move To Pau D Arco Tocantins Brazil",
    "Move To Pedro Afonso Tocantins Brazil",
    "Move To Peixe Tocantins Brazil",
    "Move To Pequizeiro Tocantins Brazil",
    "Move To Pindorama Do Tocantins Tocantins Brazil",
    "Move To Piraque Tocantins Brazil",
    "Move To Pium Tocantins Brazil",
    "Move To Ponte Alta Do Bom Jesus Tocantins Brazil",
    "Move To Ponte Alta Do Tocantins Tocantins Brazil",
    "Move To Porto Alegre Do Tocantins Tocantins Brazil",
    "Move To Porto Nacional Tocantins Brazil",
    "Move To Praia Norte Tocantins Brazil",
    "Move To Presidente Kennedy Tocantins Brazil",
    "Move To Pugmil Tocantins Brazil",
    "Move To Recursolandia Tocantins Brazil",
    "Move To Riachinho Tocantins Brazil",
    "Move To Rio Da Conceicao Tocantins Brazil",
    "Move To Rio Dos Bois Tocantins Brazil",
    "Move To Rio Sono Tocantins Brazil",
    "Move To Sampaio Tocantins Brazil",
    "Move To Sandolandia Tocantins Brazil",
    "Move To Santa Fe Do Araguaia Tocantins Brazil",
    "Move To Santa Maria Do Tocantins Tocantins Brazil",
    "Move To Santa Rita Do Tocantins Tocantins Brazil",
    "Move To Santa Rosa Do Tocantins Tocantins Brazil",
    "Move To Santa Tereza Do Tocantins Tocantins Brazil",
    "Move To Santa Terezinha Do Tocantins Tocantins Brazil",
    "Move To Sao Bento Do Tocantins Tocantins Brazil",
    "Move To Sao Felix Do Tocantins Tocantins Brazil",
    "Move To Sao Miguel Do Tocantins Tocantins Brazil",
    "Move To Sao Salvador Do Tocantins Tocantins Brazil",
    "Move To Sao Sebastiao Do Tocantins Tocantins Brazil",
    "Move To Sao Valerio Da Natividade Tocantins Brazil",
    "Move To Silvanopolis Tocantins Brazil",
    "Move To Sitio Novo Do Tocantins Tocantins Brazil",
    "Move To Sucupira Tocantins Brazil",
    "Move To Tabocao Tocantins Brazil",
    "Move To Taguatinga Tocantins Brazil",
    "Move To Taipas Do Tocantins Tocantins Brazil",
    "Move To Talisma Tocantins Brazil",
    "Move To Tocantinia Tocantins Brazil",
    "Move To Tocantinopolis Tocantins Brazil",
    "Move To Tupirama Tocantins Brazil",
    "Move To Tupiratins Tocantins Brazil",
    "Move To Wanderlandia Tocantins Brazil",
    "Move To Xambioa Tocantins Brazil",
    "Move To Agua Branca Alagoas Brazil",
    "Move To Anadia Alagoas Brazil",
    "Move To Arapiraca Alagoas Brazil",
    "Move To Atalaia Alagoas Brazil",
    "Move To Barra De Santo Antonio Alagoas Brazil",
    "Move To Barra De Sao Miguel Alagoas Brazil",
    "Move To Batalha Alagoas Brazil",
    "Move To Belem Alagoas Brazil",
    "Move To Belo Monte Alagoas Brazil",
    "Move To Boca Da Mata Alagoas Brazil",
    "Move To Branquinha Alagoas Brazil",
    "Move To Cacimbinhas Alagoas Brazil",
    "Move To Cajueiro Alagoas Brazil",
    "Move To Campestre Alagoas Brazil",
    "Move To Campo Alegre Alagoas Brazil",
    "Move To Campo Grande Alagoas Brazil",
    "Move To Canapi Alagoas Brazil",
    "Move To Capela Alagoas Brazil",
    "Move To Carneiros Alagoas Brazil",
    "Move To Cha Preta Alagoas Brazil",
    "Move To Coite Do Noia Alagoas Brazil",
    "Move To Colonia Leopoldina Alagoas Brazil",
    "Move To Coqueiro Seco Alagoas Brazil",
    "Move To Coruripe Alagoas Brazil",
    "Move To Craibas Alagoas Brazil",
    "Move To Delmiro Gouveia Alagoas Brazil",
    "Move To Dois Riachos Alagoas Brazil",
    "Move To Estrela De Alagoas Alagoas Brazil",
    "Move To Feira Grande Alagoas Brazil",
    "Move To Feliz Deserto Alagoas Brazil",
    "Move To Flexeiras Alagoas Brazil",
    "Move To Girau Do Ponciano Alagoas Brazil",
    "Move To Ibateguara Alagoas Brazil",
    "Move To Igaci Alagoas Brazil",
    "Move To Igreja Nova Alagoas Brazil",
    "Move To Inhapi Alagoas Brazil",
    "Move To Jacare Dos Homens Alagoas Brazil",
    "Move To Jacuipe Alagoas Brazil",
    "Move To Japaratinga Alagoas Brazil",
    "Move To Jaramataia Alagoas Brazil",
    "Move To Jequia Da Praia Alagoas Brazil",
    "Move To Joaquim Gomes Alagoas Brazil",
    "Move To Jundia Alagoas Brazil",
    "Move To Junqueiro Alagoas Brazil",
    "Move To Lagoa Da Canoa Alagoas Brazil",
    "Move To Limoeiro De Anadia Alagoas Brazil",
    "Move To Maceio Alagoas Brazil",
    "Move To Major Isidoro Alagoas Brazil",
    "Move To Mar Vermelho Alagoas Brazil",
    "Move To Maragogi Alagoas Brazil",
    "Move To Maravilha Alagoas Brazil",
    "Move To Marechal Deodoro Alagoas Brazil"
  ],
  "owner": "content-team",
  "status": "published",
  "lastReviewedAt": "2026-02-27",
  "reviewEveryDays": 90
}
